word,definition,present,example,past,conditional,subjunctive,future,imperfect,continuousProgressive,mark
venir,to come,vengo; vienes; viene; venimos; ; vienen,,,,,,,,
llegar,to arrive,llego; llegas; llega; llegamos; llgais; llegan,,llegué; llegaste; llegó; llegamos; llegamos; llegasteis; llegaron,llegaría; llegarías; llegaría; llegaríamos; llegaríais; llegarían,,,,,
recordar,to remember,,,,,,,,,
aparecer,to appear,,,,,,,,,
cerrar,to close,,,,,,,,,
dar,to give; to provide,doy; das; da; damos; ; dan,dar un regalo (give a present),,,,,,,
cuidado,,,,,,,,,,
respetar,to respect,,,,,,,,,
aceptar,to accept,,,,,,,,,
contar,to count,,,,,,,,,
paracer,"to seem, to appear (like), to look (like)",,Parece que ella es pobre. Dos centavos no parece una gran cantidad. (It appears that she is poor. Two cents doesn't seem like a large amount.),,,,,,,
acabar,to end; to finish,,,,,,,,,
caber,to fit,,,,,,,,,
servir,,,,,,,,,,
todo,every; all,,,,,,,,,
ambos,both,,,,,,,,,
alguno,another; any; some; one,,¿Existe alguna forma más eficiente de localizar a los mismos individuos?,,,,,,,
dentro,,,,,,,,,,
el escape,"leak (as of a liquid, gas or radiation), automobile exhaust, escape (especially from an oppressive situation)",,"El sistema de escape de su vehículo tiene tres funciones principales: reducir el sonido, la velocidad y la temperatura de las emisiones de gas. (The exhaust system of your vehicle has three main functions: to reduce the sound, speed and temperature of its gas emissions.)",,,,,,,
firmar,to sign,,,,,,,,,
marido,husband,,,,,,,,,
entrar,to enter; to come into,,,,,,,,,
entregar,to deliver; to give,,,,,,,,,
culpar,to blame,,El mal escribano le echa la culpa a la pluma. (The poor notary casts the blame to his pen. - A poor workman blames his tools.),,,,,,,
cualquier,any,,Cualquier día menos el lunes. (Any day except Monday.),,,,,,,
ningún,any; no,,,,,,,,,
coche,car,,,,,,,,,
cosa,thing,,"A la cama no te irás, sin saber una cosa más. (Don't go to bed without knowing one more thing.)",,,,,,,
lugar,place,,,,,,,,,
preciosa,beautiful; gorgeous; lovely,,,,,,,,,
miembro,member,,,,,,,,,
el vecino,neighbor,,,,,,,,,
abrir,to open,,,,,,,,,
la tienda,,,,,,,,,,
consentir,,,,,,,,,,
cabo,,,,,,,,,,
aportar,,,,,,,,,,
manita,little hand (of a watch or clock),,,,,,,,,
echar,"to throw; to throw away; to sack, to fire; to cast; to expel",,,,,,,,,
cambien,,,,,,,,,,
árbol,tree,,El árbol no niega su sombra ni al leñador. (The tree doesn't deny its shade to even the logger.),,,,,,,
embrollar,"to confuse, to make complicated, to embroil, to muddle, to overly involve",,"Si te embrollas, pide perdón y solicita comenzar otra vez, y tómate tu tiempo. (If you get confused, ask for forgiveness, ask to begin again, and take your time.)",,,,,,,
hablar,to talk; to speak,,"Habla poco, escucha más, y no errarás. (Talk a little, listen a lot, and you won't make mistakes.)",,,,,,,
conmigo,with me,,"Ven a vivir conmigo, y sé mi amor. (Come live with me, and be my love.)",,,,,,,
la viuda,widow,,,,,,,,,
un resfriado,a cold,,"Si padece un resfriado, le conviene un baño con agua tibia o caliente antes de ir a la cama. (If you're suffering from a cold, it would be a good idea to take a bath with warm or hot water before going to bed.)",,,,,,,
empatar,"to result in a tie or draw (as in sports or voting), to link or join together",,México y Chile empataron 1-1 en partido amistoso. (Mexico and Chile tied 1-1 in a friendly match.),,,,,,,
el mal,illness; sickness,,"A veces es más fatal, la medicina que el mal. (Sometimes the medicine is more fatal than the illness.)",,,,,,,
"el querellante, la querellante",plaintiff in a legal action (typically the one who files a lawsuit),,Los querellantes en caso Pinochet piden que se amplíe el tiempo de sus alegatos. (The plaintiffs in the Pinochet case are asking that the time for their pleas be lengthened.),,,,,,,
leña,wood,,Sin leña se apaga el fuego; sin chismes se acaba el pleito. (Without wood a fire goes out; without gossip a quarrel dies down.),,,,,,,
cielo,sky; heaven,,,,,,,,,
ya,already,,,,,,,,,
menudo,often; frequently,,¿Vienes aquí a menudo? (Do you come here often?),,,,,,,
sólo,just; only,,,,,,,,,
ojalá,hopefully,,Ojalá fuera bizco para verte dos veces. (I wish I were cross-eyed so I could see you twice.),,,,,,,
así,like this; like that; that way,,Mi hermana no es así. (My sister is not like this.),,,,,,,
tan,that; so; as,,Él no es tan alto. (He is not that tall.),,,,,,,
alto,tall,,,,,,,,,
avión,airplane,,,,,,,,,
basar,to base,,,,,,,,,
acordar,,,,,,,,,,
mismo,right now,,,,,,,,,
enviar,to send; to ship,,,,,,,,,
lucir,,,,,,,,,,
terminar,,,,,,,,,,
andar,,,,,,,,,,
salir,to go out; to leave,salgo; sales; sale; salimos; salís; salen,No sale agua caliente. (Hot water doesn’t come out.),,,,,,,
enseguida,at once; immediately,,,,,,,,,
vez,time,,,,,,,,,
aun/aún,even/still,,,,,,,,,
solo/sólo,alone/only,,,,,,,,,
aprender,to learn,,,,,,,,,
muchacha,girl,,,,,,,,,
helado,icecream,,,,,,,,,
oferta,offer,,,,,,,,,
unica,unique; special,,,,,,,,,
almohada,pillow,,,,,,,,,
esperar,to wait,,,,,,,,,
transmitir,,,,,,,,,,
sacar,"to remove, to take out; to get, to receive",,,,,,,,,
feo,ugly,,,,,,,,,
flaco,,,,,,,,,,
delgado,,,,,,,,,,
tarpe,,,,,,,,,,
calvo,,,,,,,,,,
en punto,on the dot; punctual; precisely; exactly; just,,,,,,,,,
de la mañana,in the morning,,,,,,,,,
con calma,calmly,,,,,,,,,
rápidamente,rapidly; quickly,,,,,,,,,
con frecuencia,frequently,,,,,,,,,
lentamente,slowly,,,,,,,,,
dieta,diet,,,,,,,,,
biorritmos,,,,,,,,,,
enseñar,,,,,,,,,,
verdad/mentira,true/false,,,,,,,,,
mantequilla,butter,,,,,,,,,
lejo,far; distant,,,,,,,,,
según,,,,,,,,,,
cliente,client; customer,,,,,,,,,
española,Spanish girl,,,,,,,,,
número,number; size,,,,,,,,,
usar,to wear,,,,,,,,,
leche,milk,,,,,,,,,
atractivo,attractive,,,,,,,,,
borracho,,,,,,,,,,
gasto,expense,,,,,,,,,
minimo,least,,,,,,,,,
rendimiento,performance,,,,,,,,,
nueces,nothing,,,,,,,,,
zona,zone,,,,,,,,,
gran,great,,,,,,,,,
mostrador,,,,,,,,,,
tramitar,,,,,,,,,,
nada,nothing; not anything,,"Buen vino y buena tajada y no apurarse por nada. (Good wine and good bread, and not to worry about anything.)",,,,,,,
existir,to exist,,,,,,,,,
cortar,,,,,,,,,,
lado,,,,,,,,,,
piso,,,,,,,,,,
combinar,to combine,,,,,,,,,
dando,giving,,A Dios rogando y con el mazo dando. (To God praying and with the mallet giving.),,,,,,,
cerquita,very close,,,,,,,,,
la disculpa,excuse; apology,,,,,,,,,
cometer,to commit,,Quiero pedir disculpas al público estadounidense por cometer una clara equivocación. (I want to apologize to the U.S. public for commiting a clear error.),,,,,,,
por,by; because; why; per,,,,,,,,,
sitio,place; location; corner,,,,,,,,,
ni siquiera,not even,,,,,,,,,
retrasado,delayed,,,,,,,,,
mental,mental; intellectual,,,,,,,,,
rara,strange; odd; funny,,,,,,,,,
punto,point; dot; period,,,,,,,,,
sonrisa,smile,,,,,,,,,
palo,stick,,,,,,,,,
llena,full,,,,,,,,,
utilizar,to use; to utilize,,,,,,,,,
mochila,backpack,,,,,,,,,
maleta,suitcase,,,,,,,,,
la bola,ball,,,,,,,,,
pantalón,pants; jeans,,,,,,,,,
tarde,late,,,,,,,,,
gastado,"worn, worn out, well-used, old, stale, hackneyed, broken",,No espere hasta un día lluvioso para cambiar unas escobillas ya gastadas. (Don't wait until a rainy day to change worn-out windshield wipers.),,,,,,,
derramar,"to spill, to pour",,Los hispanos han derramado generosamente su sangre como combatientes en las fuerzas armadas de Estados Unidos. (Hispanics have generously spilled their blood as combatants in the U.S. armed forces.),,,,,,,
olvidar,to forget,,"Dime y lo olvido, enséñame y lo recuerdo, involúcrame y lo aprendo. (You tell me, and I forget. You teach me, and I remember. You involve me, and I learn.)",,,,,,,
visto,,,,,,,,,,
hasta ahora,until now,,,,,,,,,
mano,hand,,,,,,,,,
desde luego,of course,,,,,,,,,
regresar,to return; to come back; to go back,,¿cuándo regresará? (When will he/she come back?),,,,,,,
resto,,,,,,,,,,
carretera,road,,,,,,,,,
encantador,enchanting,,,,,,,,,
último,last; final,,La violencia es el último refugio del incompetente. (Violence is the last refuge of the incompetent.),,,,,,,
fácil,easy,,Es más fácil perdonar a un enemigo que a un amigo. (It is easier to forgive an enemy than to forgive a friend.),,,,,,,
encuentro,"meeting, encounter, skirmish, traffic accident, the finding of someone or something",,El encuentro en el Palacio de Gobierno duró tres horas. (The meeting in the Government Palace lasted three hours.),,,,,,,
lucho/lucha,"fight; struggle, strife, contest, wrestle; dispute; argument",,,,,,,,,
seguir,to remain,,,,,,,,,
"el francotirador, la francotiradora","sharpshooter, sniper",,Diez personas murieron y otras tres resultaron heridas durante los ataques del francotirador en la zona de Washington. (Ten people died and three others were injured during the sniper's attacks in the Washington area.),,,,,,,
volver,to become,,"Una mentira es como una bola de nieve; cuanto más rueda, más grande se vuelve. (A lie is like a snowball; the more it rolls around the bigger it becomes.)",,,,,,,
relajar,"to relax, to weaken, to loosen",,Un científico de Viena ha elaborado dos discos compactos con música que relaja a los gatos. (A Vienna scientist has produced two compact discs with music that relaxes cats.),,,,,,,
caer,to fall,,El hombre que se levanta es aún más grande que el que no ha caído. (The one who lifts himself up is even greater than the one who has not fallen.),,,,,,,
la diablura,"prank, practical joke, trick, stunt, devilish act",,La mayor diablura del diablo es hacernos creer que no existe. (The biggest trick of the devil is making us believe he doesn't exist.),,,,,,,
país,country,,"Pregunten no lo que su país puede hacer por ustedes, pregunten, más bien, qué pueden hacer ustedes por su país. (Ask not what your country can do for you — ask what you can do for your country.)",,,,,,,
echar,,,El mal escribano le echa la culpa a la pluma. (The poor notary casts the blame to his pen. - A poor workman blames his tools.),,,,,,,
entonces,well; then; so,,"Si ella camina, entonces él camina. (If she walks, then he walks.)",,,,,,,
antes/después,before/after,,"Ni antes, ni después. (Neither before nor after.)",,,,,,,
casi,almost; nearly,,Es casi imposible. (It is nearly impossible.),,,,,,,
además,besides; in addition; also,,,,,,,,,
aeropuerto,airport,,,,,,,,,
despacio,slowly; quietly; softly,,,,,,,,,
todavía,even; yet; still,,Él todavía esta aquí. (He is still here.),,,,,,,
tampoco,either; not either; neither,,Yo tampoco. (Me neither.),,,,,,,
pronto,soon; early; prompt,,!Hasta pronto! (Until soon!),,,,,,,
allí,there,,,,,,,,,
de pronto,all of a sudden; suddenly; at once,,,,,,,,,
silbato,whistle; referee,,,,,,,,,
el avión,airplane,,,,,,,,,
el barco,the ship,,,,,,,,,
las tijeras,scissors,,,,,,,,,
el reloj,watch; clock,,,,,,,,,
demasiado,too; too much; very,,,,,,,,,
por supuesto,of course,,,,,,,,,
bastante,fairly; enough; plenty of; quite a lot,,Es un abrigo bastante nuevo. (It is a fairly new coat.),,,,,,,
quizás,maybe; perhaps,,,,,,,,,
la campana,bell,,,,,,,,,
la fuente,source; spring; fountain,,Tengo mis fuentes. (I have my sources.),,,,,,,
actualmente,currently,,,,,,,,,
jamás,never; ever,,,,,,,,,
alrededor,around; about,,,,,,,,,
cansada,tired,,,,,,,,,
lento,slow,,rapido/lento,,,,,,,
bajar,,,,,,,,,,
la negrura,blackness; darkness,,El capitán maldecía la negrura de la noche. (The captain cursed the darkness of the night.),,,,,,,
infantil,"childish; infantile, childlike",,,,,,,,,
simplemente,simply; just,,,,,,,,,
igualmente,likewise; equally,,,,,,,,,
práctimante,practically; virtually,,,,,,,,,
adelante,forward,,,,,,,,,
debajo,underneath; below,,,,,,,,,
probablemente,probably,,,,,,,,,
aceite,oil; grease,,,,,,,,,
objetos,objects; points,,,,,,,,,
la cadena,chain; string,,,,,,,,,
la copa,the cup,,,,,,,,,
página,page; chapter,,,,,,,,,
la revista,magazine,,,,,,,,,
la caja,box; case,,"si no paga un dividend, entonces el modelo no funciona (If it doesn´t pay a dividend, then the model doesn´t work.)",,,,,,,
la foto,photograph,,,,,,,,,
reciente,recent,,,,,,,,,
la pieza,the piece,,,,,,,,,
regla,rule; period,,,,,,,,,
la moneda,coin,,,,,,,,,
la pantalla,screen,,,,,,,,,
la máquina,machine,,,,,,,,,
el polvo,powder,,,,,,,,,
el puente,bridge,,,,,,,,,
la bandera,flag,,,,,,,,,
lista,clever; smart; sharp,,,,,,,,,
el arma,weapon,,,,,,,,,
la rueda,wheel; roll,,,,,,,,,
aproximadamente,approximately; around; about,,,,,,,,,
inmediatamente,immediately,,,,,,,,,
principalmente,principally; mainly,,,,,,,,,
recientemente,recently,,,,,,,,,
únicamente,only; solely,,,,,,,,,
nuevamente,again; once again,,,,,,,,,
seguramente,surely; certainly; probably,,,,,,,,,
completamente,completely,,,,,,,,,
definitivamente,definitely,,,,,,,,,
exactamente,exactly,,,,,,,,,
apenas,hardly; only; just; barely,,,,,,,,,
enfermera,nurse,,,,,,,,,
anteriormente,previously; before,,,,,,,,,
relativamente,relatively,,,,,,,,,
guía,,,,,,,,,,
iniciar,,,,,,,,,,
reto,,,,,,,,,,
recurso,,,,,,,,,,
cambiar,to change,,,,,,,,,
promover,,,,,,,,,,
parejas,,,,,,,,,,
fomentar,,,,,,,,,,
destacados,,,,,,,,,,
torneo,tournament,,,,,,,,,
loco,crazy,,El que sabe que es un loco no está muy loco. (The one who believes he's a crazy person isn't very crazy.),,,,,,,
nimio,"trivial, insignificant, inconsequential",,Grandes conflictos empiezan por cosas aparentemente nimias. (Great conflicts begin because of apparently trivial things.),,,,,,,
la distancia,distance,,,,,,,,,
trabajadores,workers,,,,,,,,,
la gente,people,,,,,,,,,
la población,population,,,,,,,,,
aumenta,increase,,,,,,,,,
unos cuantos,a few,,,,,,,,,
compañero,partner; peer; companion,,,,,,,,,
ciudadanos,citizens,,,,,,,,,
pareja,pair; couple; partner,,,,,,,,,
amplia,wide; ample; broad,,,,,,,,,
zona,zone; area,,,,,,,,,
el castillo,castle,,,,,,,,,
la sala,lounge,,,,,,,,,
el puerto,harbor,,,,,,,,,
sala,room,,,,,,,,,
la costa,shore,,,,,,,,,
edificio,building,,,,,,,,,
departamento,apartment; department; compartment,,,,,,,,,
territorio,territory; region,,,,,,,,,
la isla,island,,,,,,,,,
terreno,land; terrain; soil,,,,,,,,,
distinto,distinct; different,,,,,,,,,
la hacienda,estate; ranch,,,,,,,,,
el barrio,neighborhood,,,,,,,,,
la cárcel,jail,,,,,,,,,
el edificio,building,,,,,,,,,
costumbre,custom; habit,,,,,,,,,
testigo,witness,,,,,,,,,
el caballero,gentleman,,,,,,,,,
el campesino,farmer; peasant,,,,,,,,,
la patria,homeland,,,,,,,,,
la torre,tower,,,,,,,,,
salón,hall; living room; sitting room,,,,,,,,,
el hogar,home,,,,,,,,,
la frontera,border,,,,,,,,,
la carretera,road,,,,,,,,,
el patio,yard,,,,,,,,,
la pista,clue; trail; track,,,,,,,,,
la esquina,corner,,,,,,,,,
la galería,gallery,,,,,,,,,
la ruta,route,,,,,,,,,
lento/rápido,slow/fast,,,,,,,,,
confeccionar,"to make (clothing), to make (a list), to prepare (a food or drink)",,Su mamá le confecciona sus trajes. (His mother makes his outfits for him.),,,,,,,
desprender,"to remove, to come off, to separate",,"Con gran asombro vieron desprenderse de sus cimientos la casa, como catapultada por un cohete, y en seguida caer en pedazos el techo, las paredes, los pisos y los muebles. (To their utter amazement, they saw the house come apart from its foundation, as if lifted by a rocket, and one after the other the roof, the walls, the floor and the furniture fell into pieces.)",,,,,,,
recibir,to receive,,,,,,,,,
disfrutar,,,,,,,,,,
emotivo,,,,,,,,,,
cabo,,,,,,,,,,
peleado,,,,,,,,,,
involucrado,,,,,,,,,,
quería,,,,,,,,,,
dejar,,,,,,,,,,
falta,,,Escribe en la arena las faltas de tu amigo. (Write in the sand the faults of your friend.),,,,,,,
exigir,,,,,,,,,,
acaba,,,,,,,,,,
disputar,,,,,,,,,,
valor,,,,,,,,,,
respuesta,response; answer,,,,,,,,,
lucro,,,,,,,,,,
atender,,,,,,,,,,
acercar,,,,,,,,,,
enfrentar,,,,,,,,,,
sede,,,,,,,,,,
ocasíon,occasion,,,,,,,,,
aficionado,,,,,,,,,,
apoyabar,,,,,,,,,,
reciente,,,,,,,,,,
vez,,,,,,,,,,
jugó,,,,,,,,,,
apretar,,,,,,,,,,
el quehacer,"task, something that needs doing, to-do",,Los quehaceres de la casa son parte de la vida diaria de cada familia. Sin embargo tienden a crear conflictos. (Housework is a part of daily life for every family. Nevertheless it tends to creates conflicts.),,,,,,,
extralimitarse,"to go beyond the limits, to go too far, to abuse one's authority",,"Si tomas medidas apropriadas y no te extralimitas en tus actividades diarias lograrás reponer tus energías y mantener un nivel de salud aceptable. (If you take appropriate steps and not overdo your daily activities, you will successfully bring back your energy and maintain an acceptable level of health.)",,,,,,,
la mujer,woman,,"A mujer bonita o rica, todo el mundo la critica. (Everyone criticizes a rich or beautiful woman.)",,,,,,,
el cobre,copper,,El cobre es un metal rojizo que ocurre naturalmente en el ambiente. (Copper is a reddish metal that occurs naturally in the environment.),,,,,,,
flaco,thin; skinny; weak; frail,,,,,,,,,
temprano,early,,antonym: tarde (late),,,,,,,
socia,member,,,,,,,,,
la asamblea,congregation; assembly; meeting,,Mi madre es socia de las Asambleas de Dios. (My mother is a member of the Assembly of God.),,,,,,,
nacer,to be born,,"El hombre nace sin dientes, sin cabello y sin ilusiones. Y muere lo mismo: sin dientes, sin cabellos y sin ilusiones. (Man is born without teeth, without hair and without illusions. And he dies the same way: without teeth, without hair and without illusions.)",,,,,,,
ganar,to earn,,,,,,,,,
levantar pesas,lift weight,,,,,,,,,
montar en bicicleta,ride bicycle,,,,,,,,,
tener dolor,have pain,,,,,,,,,
ligero,light; slight; thin,,,,,,,,,
quemante,burning,,,,,,,,,
constante,constant,,,,,,,,,
descansar,to rest,,,,,,,,,
mitad,half,,,,,,,,,
tercero,third,,,,,,,,,
toneladas,tons,,,,,,,,,
lo mismo,same,,,,,,,,,
se,himself; herself; yourself,,,,,,,,,
la etapa,stage (of a process); phase (of a process),,"Bueno, aquí empieza entonces otra etapa de mi vida. (Good, here begins another stage of my life.)",,,,,,,
burlarse de,"to make fun of, to mock",,"Muchos padres gritan, se burlan, regañan y hasta golpean a otros adultos, sin recibir nunca la ayuda que necesitan. (Many parents yell at, make fun of, argue with and even hit other adults without ever getting the help they need.)",,,,,,,
esperanza,hope,,,,,,,,,
la máscara,"mask, pretense, act (in the sense that a person puts on an act), fancy clothing, person wearing a mask",,"Aprendemos temprano a usar máscaras, que cambiamos con tanta frecuencia, que ya no somos capaces de identificar nuestro rostro en el espejo. (We learn early to wear masks that change so often that we are no longer capable of identifying our face in the mirror.)",,,,,,,
el mundo,the world,,El amigo de todo el mundo no es un amigo. (The friend of everyone isn't a friend.),,,,,,,
la salida,"exit, way out, departure, trip (travel) or outing, vent (literal or figurative), solution (to a problem)",,El amor tiene fácil la entrada y difícil la salida. (Love has an easy entrance and a difficult exit.) El gobierno y la oposición venezolanos firmaron un acuerdo que abre el camino a una salida electoral a la severa crisis. (The Venezuelan government and opposition signed an agreement that opens the door to an electoral solution for the severe crisis.),,,,,,,
todo,everything,,"Al pobre le faltan muchas cosas; al avaro, todas. (The poor lack many things; the miser, everything.)",,,,,,,
muchas veces,often; many times,,Muchas veces su cena consistía en una sencilla ensalada o una pequeña porción de avena. (Often her dinner would consist of a simple salad or a small portion of oats.),,,,,,,
sencilla,simple,,,,,,,,,
palabra,word,,"Buenas palabras y buenos modales, todas las puertas abren. (Kind words and good manners open all doors.)",,,,,,,
modales,manners,,,,,,,,,
listo,ready,,,,,,,,,
ahorrar,to save,,,,,,,,,
el aborto,"miscarriage, abortion, ugly or freakish person",,"El aborto espontáneo es la pérdida de un feto durante el embarazo por razones naturales, generalmente debido a muerte fetal. (A miscarriage is the loss of a fetus during pregnancy for natural reasons, generally due to fetal death.)",,,,,,,
a quemarropa,"at point-blank range, extremely close",,Asesinaron a quemarropas a un militante del Movimiento Territorial Liberación. (They murdered at point-blank range a militant from the Territorial Liberation Movement.),,,,,,,
ver,to see,,"A donde fueres haz lo que vieres. (Wherever you go, do what you see.); ver películas (to watch movies)",,,,,,,
la afección,"disease, affliction, complaint, affection",,"Las causas de este deterioro neurológico son variadas. Pueden ser ocasionadas por enfermedades degenerativas cerebrales, afecciones vasculares, trastornos fisiológicos del sueño, ansiedad o por una gran dosis de estrés laboral y familiar. (The causes of this neurological deterioration are varied. They can be caused by degenerative brain diseases, vascular diseases, physiological sleep disorders, anxiety or by a great deal of work and family stress.)",,,,,,,
sobrenadar,to float,,Caminaron a través de la antigua ciudad de Jerusalén y sobrenadaron en el Mar Muerto. (They traveled through the old city of Jerusalem and floated in the Dead Sea.),,,,,,,
cuando,when,,Buen amigo es el gato cuando no araña. (The cat is a good friend when he's not scratching.),,,,,,,
billete,ticket,,La experiencia es como un billete de lotería comprado después del sorteo. No creo en ella. (Experience is like a lottery ticket bought after the drawing. I don't believe in it.),,,,,,,
asolar,"to destroy, to devastate, to raze",,"Tras la guerra y las epidemias que asolaron el país, Alemania perdió la tercera parte de su población.",,,,,,,
zapatos,shoes,,"Le tengo cariño a la H. Es como unos zapatos viejos, que no valen para nada, pero que no te animas a tirarlos porque te recuerdan por dónde has caminado con ellos. (I'm fond of the letter H. It's like some old shoes  they aren't worth anything, but you're not inclined to throw them away because they remind you of where you have walked with them.)",,,,,,,
tortuga,turtle; tortoise,,"La tortuga de orejas rojas es omnívora, por lo que come casi de todo. (The red-eared turtle is omnivorous, for it eats just about everything.)",,,,,,,
el arco iris,rainbow,,"A veces, es posible ver también lo que se conoce como arco iris secundario, el cual es más débil y presenta los colores invertidos. (Sometimes, it is also possible to see what is known as a secondary rainbow, which is weaker and is in reversed colors.)",,,,,,,
vale,,,Más vale pájaro en mano que ciento volando. (A bird in the hand is worth a hundred flying.),,,,,,,
el diablo,,,Más sabe el diablo por viejo que por diablo. (The devil knows more due to being old than due to being the devil.),,,,,,,
la encrucijada,crossroads (literal or figurative),,La bioética se encuentra en una encrucijada. (Bioethics finds itself at a crossroads.),,,,,,,
el éxito,"success; excellent result; best-selling book, recording, movie or other work (a hit)",,La Pasión del Cristo fue éxito de taquilla. (The Passion of The Christ was a box-office hit.),,,,,,,
la carnaza,"piece of meat cut off the bone, scrap of meat, bait (literal or figurative)",,"Si quieres darle algo extra a tu perro, puedes darle premios que pueden ser galletas (especiales para perro) o carnazas. (f you want to give something extra to your dog, you can give him treats such as dog biscuits or scraps of meat.)",,,,,,,
el cuento,"story, tale, short story",,Es un cuento fácil de leer que contiene muchas palabras que el niño sabe pronunciar o leer. (It is an easy story to read that contains many words that the child can pronounce or read.),,,,,,,
valorar,to value,,"El que no valora la vida, no se la merece. (The one who doesn't value life doesn't deserve it.)",,,,,,,
el teclado,"keyboard (of a computer, piano, organ, typewriter or similar device)",,"El teclado es un componente al que se le da poca importancia, especialmente en los ordenadores clónicos. Si embargo es un componente esencial. (The keyboard is a component that is given little importance, especially with clone computers. Nevertheless, it is an essential component.)",,,,,,,
raís,root,,"Todos los problemas tienen la misma raíz: el miedo, que desaparece gracias al amor; pero el amor nos da miedo. (All problems have the same root: fear, which disappears thanks to love; but love gives us fear.)",,,,,,,
la quemadura,"burn, scald",,Una quemadura de sol en una persona con piel muy clara puede ocurrir en menos de 15 minutos de exposición al sol del mediodía. (A sunburn in a person with very fair skin can occur in less than 15 minutes of exposure to the midday sun.),,,,,,,
ejem,"an interjection expressing doubt, incredulity or irony; English equivalents (depending on the context) can include ""ahem,"" ""hmmm,"" and ""um.""",,"Algunos dirán que es romántico, sensual e hiperfemenino, pero eso, ejem, sólo depende de ti. (Some will say that it is romantic, sensual and hyperfeminine, but that, hmmmm, depends only on you.)",,,,,,,
bien,well,,"Bien vestido, bien recibido. (Well dressed, well received.)",,,,,,,
la justicia,justice,,Buena es la justicia si no la doblara la malicia. (Justice is good if evil doesn't increase.),,,,,,,
sufrir,to suffer,,Es mejor sufrir una injusticia que cometerla. (It is better to suffer an unjustice than to commit one.),,,,,,,
el campeón,"champion, advocate, defender",,Todo lo absurdo tiene un campeón que lo defienda. (Every absurdity has a champion who defends it.),,,,,,,
llegar,to come,,El matrimonio es como la muerte; pocos llegan a él preparados. (Marriage is like death; few come to it prepared.),,,,,,,
el judas,"traitor, betrayer",,"Como en la película Alien, también hay un judas, esta vez un presunto amigo que trabaja para la CIA. (As in the film Alien, there is also a traitor, this time a presumed friend who works for the CIA.)",,,,,,,
sangre,blood,,Es parentesco sin sangre una amistad verdadera. (Kinship without a blood relationship is true friendship.),,,,,,,
el amor,love,,El amor no es sólo un sentimiento. Es también un arte. (Love is not only a feeling. It is also an art.),,,,,,,
conjeturas,opinions,,(El hombre permanece en el rincón de la oscuridad por temor a que la luz de la verdad le deje ver cosas que derrumbarían sus conjeturas.) Man stays in the corner of darkness out of fear that the light of truth will allow him to see things that demolish his opinions.,,,,,,,
ventoso,windy,,A finales del 1963 el gran Sonny Boy Williamson deja el ventoso Chicago por el desapacible Londres. (At the end of 1963 the great Sonny Boy Williamson leaves windy Chicago for unpleasant London.),,,,,,,
amistad,friendship,,La buena y verdadera amistad no debe ser sospechosa en nada. (Good and true friendship should not be suspicious of anything.,,,,,,,
el perfil,"profile (literal or figurative), silhouette, outline, cross section",,El perfil del estudiante de español de los países de Europa Central es una mujer entre 17 y 25 años. (The profile of a Spanish student in the countries of Central Europe is a woman between 17 and 25 years of age.),,,,,,,
quebrar,"to break, to crush, to impede, to weaken",,"Dios dio las nueces, pero no las quiebra ni las pela. (God provided walnuts, but he doesn't crack them or shell them.)",,,,,,,
aquel,that (over there),,aquel; aquellos; aquellas,,,,,,,
vencer,to win,,,,,,,,,
el ocio,leisure; free time; idleness,,La Costa Blanca te ofrece un sinfin de sitios de ocio. (The Costa Blanca (White Coast) offers you countless places for leisure.),,,,,,,
más … que,more than,,Más vale la pena en el rostro que la mancha en el corazón. (Sorrow on the face is worth more than the stain on the heart.),,,,,,,
sello,"stamp, seal, brand (as of a product)",,Descubre el apasionante mundo de los sellos y la filatelia. (Discover the exciting world of stamps and philately.),,,,,,,
"el gemelo, la gemela",twin,,Mi hermana y yo somos gemelas. (My sister and I are twins.),,,,,,,
pero,but,,,,,,,,,
sino,"but; rather (sino is used for ""but"" in sentences of type ""not A but B"")",,,,,,,,,
caer,to fall,,El caer no ha de quitar la gloria del haber subido.  (The fall does not have to remove the glory of having risen.),,,,,,,
coger,to catch,,El que persigue dos liebres no coge ninguna. (The one who chases after two hares catches neither.),,,,,,,
la boca,"mouth, entrance or exit, orifice",,"Los cabellos blancos son signo de sabiduría, si mantiene la boca cerrada. (White hair is a sign of wisdom, if you keep your mouth shut.)",,,,,,,
mantener,to maintain,,,,,,,,,
nada,nothing,,Más vale poco que nada. (A little is worth more than nothing.),,,,,,,
dulcificar,"to sweeten, to make more palatable (can apply to conditions and things other than food), to make milder or more mellow, to make less harsh",,"Ahora las religiones se dulcifican. En nuestros días, ¿quién cree en el infierno? (Now religions are getting mellower. In our time, who believes in hell?)",,,,,,,
encontrar,to find; to encounter,,Amor es encontrar en la felicidad de otro tu propia felicidad. (Love is finding your own happiness in the happiness of another.),,,,,,,
ahuyentar,"to scare away, to frighten off, to dispel",,Más tarde el cocodrilo ahuyentó a los dos animales. (Later the crocodile scared away the two animals.),,,,,,,
apreciar,to appreciate; to value,,El día es excesivamente largo para quien no lo sabe apreciar y emplear. (The day is too long for the one who does not know how to value it and put it to use.),,,,,,,
emplear,to put to use; to employ,,,,,,,,,
alguien,,,,,,,,,,
paquete,packet; library,,,,,,,,,
reaccion,reaction,,,,,,,,,
tratar,,,,,,,,,,
instalar,to install,,,,,,,,,
seleccionar,,,,,,,,,,
contestar,to answer; to protest,contesto; contestas; contesta,,,,,,,,
foro,forum,,,,,,,,,
usar,,,,,,,,,,
obtener,to obtain; to get; to acquire,,,,,,,,,
interaccionar,,,,,,,,,,
paquetes,,,,,,,,,,
apoyar,,,,,,,,,,
exportar,,,,,,,,,,
compartir,to share,,,,,,,,,
duda,doubt,,,,,,,,,
mojar,to get wet,,Vámonos que nos vamos a mojar. (Let's go because we are going to get we.),,,,,,,
el camping,"campground, campsite, camping",,La ciudad tiene tres hoteles y dos campings. (The city has three hotels and two campgrounds.),,,,,,,
menos,except; less; minus,,El dinero abre todas las puertas menos las del corazón. (Money opens all doors except for those of the heart.),,,,,,,
despedir,,,,,,,,,,
código,,,,,,,,,,
cuya,,,,,,,,,,
llenar,"to fill, to fill in, to fill out, to cover, to satisfy",,Se me llenaron los ojos de lágrimas al leer sobre un hombre que donó uno de sus riñones a su hijo. (My eyes filled with tears when I read about a man who donated one of his kidneys to his son.),,,,,,,
el alza,"rise, advance (often used to describe economic trends)",,Titular: Wall Street cierra en alza tras una semana de violentas oscilaciones. (Headline: Wall Street closes on an upswing after a week of violent ups and downs.),,,,,,,
pensar,to think,,"Quien vive sin pensar, no puede decir que vive. (The one who lives without thinking cannot say that he is living.)",,,,,,,
buscar,to look for,,El que no sabe lo que busca no entiende lo que encuentra. (The one who doesn't know what he's looking for will not know when he finds it.),,,,,,,
aleccionar,"to instruct, to lecture, to help someone understand something",,"Como en muchas de sus películas, aunque en ninguna de ellas con tanta brillantez, Capra nos alecciona sobre los verdaderos valores humanos. (As in many of his films, although in none of them so brilliantly, Capra teaches us about genuine human values.)",,,,,,,
el jugo,"juice, sap, something of substance or the essential nature of something",,"Las azúcares que posee la manzana son una fuente inmediata de energía y el jugo de manzana provee fluidos esenciales para el cuerpo. (The sugars that the apple has are an immediate source of energy, and apple juice provides fluids essential for the body.)",,,,,,,
prestar,to offer,,A casa de tu vecino a prestar favores y no a pedirlos. (Go to your neighbor's home to offer favors rather than to ask for them.),,,,,,,
sabio/necio,wise person/ foolish person,,"El sabio no dice lo que sabe, y el necio no sabe lo que dice. (The wise person doesn't say what he knows, and the foolish person doesn't know what he's saying.)",,,,,,,
conseguir,to get; to obtain; to achieve,,,,,,,,,
insertar,,,,,,,,,,
la pregunta,question,,,,,,,,,
peludo,"hairy, shaggy, long-haired, furry",,El monstruo peludo está cansado de comer ratones. (The hairy monster is tired of eating mice.),,,,,,,
temores,fear,,"Puede haber amor sin celos, pero no sin temores. (There can be love without jealousy, but not without fear.)",,,,,,,
boda,wedding,,"A fuego y a boda, va la aldea toda. (The whole town goes to a fire and a wedding.)",,,,,,,
razon,reason,,Buenas acciones valen más que buenas razones. (Right actions count for more than the right reasons.),,,,,,,
la cuadrilla,"group, gang, team, squad, small group of dogs used in hunting",,"Una cuadrilla de bomberos, peritos y autoridades judiciales exhumaron el cadáver. (A team of firefighters, technicians and judicial authorities exhumed the corpse.)",,,,,,,
en lugar de,instead of,,"En muchos países suena ridícula la opción de los españoles por usar la palabra ""ratón"" en lugar de ""mouse"". Sin embargo, si el aparato tiene forma de ratón, cola de ratón y se mueve como un ratón nada debería sonar más natural que llamarlo ratón. (Ricardo Sosa, director de ""La página del idioma español"") (The choice that Spaniards have of using the word ratón (the Spanish word for a mouse) instead of ""mouse"" sounds ridiculous in many countires. Nevertheless, if the device has the shape of a ratón, the tail of a ratón and moves like a ratón, nothing ought to sound more natural than calling it a ratón. (Ricardo Sosa, director of ""The Spanish-language Page""))",,,,,,,
asignar,,,,,,,,,,
el título,"title (most meanings), degree (granted by an educational institution), diploma, bond (given as security)",,Regresé a mis estudios y obtuve mi título universitario. (I returned to my studies and got my university degree.),,,,,,,
devolver,,,,,,,,,,
partir,,,,,,,,,,
mostrar,,,,,,,,,,
juntos,,,,,,,,,,
aclarar,,,,,,,,,,
la huelga,strike (a walkout in a labor disagreement),,Los médicos que están en huelga desde septiembre propusieron al gobierno de El Salvador la mediación de un experto internacional para solucionar la crisis. (Doctors on strike since September proposed to the El Salvadoran government mediation by an international expert in order to solve the crisis.),,,,,,,
luchar,,,Sólo se ha perdido cuando se deja de luchar. (One has lost only when he has quit fighting.),,,,,,,
opciones,,,,,,,,,,
varias,,,,,,,,,,
basicamente,,,,,,,,,,
funcion,,,,,,,,,,
ejemplo,,,,,,,,,,
revisa,,,,,,,,,,
generar,,,,,,,,,,
datos,,,,,,,,,,
detrás,,,,,,,,,,
editar,"to publish or release (a book or recording), to edit",,"La serie de discos llamada ""Felicidades"" se editaba anualmente como un compilado de lo mejor del repertorio artístico de Discos PolyGram. (The series of discs called ""Felicidades"" was released annually as a compilation of the best of the artistic selection of Discos PolyGram.)",,,,,,,
dudar,to doubt; hesitate; waver; vacillate,,dudar de algo (to doubt something),,,,,,,
atributo,attribute,,,,,,,,,
el cronograma,"timeline, schedule",,La declaración establece un exigente cronograma para que los países desarrollen e implementen estrategias nacionales para combatir la propagación del VIH. (The declaration establishes a demanding timeline for the countries to develop and implement national strategies for fighting the spread of HIV.),,,,,,,
la almohada,"pillow, cushion, pillowcase",,Se acostó en la cama y se cubrió le cabeza con las almohadas. (She lay down on the bed and covered her head with the pillows.),,,,,,,
ocasional,"accidental, by chance, temporary, occasional, irregularly timed",,Satmex es el principal proveedor de servicios ocasionales en Mexico. (Satmex is the main provider of temporary services in Mexico.),,,,,,,
envolver,"to wrap, to cover, to surround, to involve",,Él tomó el cuerpo y lo envolvió en una sábana limpia. (He took the body and wrapped it in a clean sheet.),,,,,,,
reitero,,,,,,,,,,
el desperdicio,"waste, waste product, scrap, leftovers",,"Las horas invertidas en practicar juegos de video podrían no ser un gran desperdicio, como piensan muchos padres de familia. (Ser is one of the most irregular verbs that exist in Spanish. Who would guess that its forms include era and fuese?)",,,,,,,
por encima de todo,"above all, …",,,,,,,,,
predilecto,"favorite, preferred",,"Carlos Santana fue condecorado como ""hijo predilicto"" y recibió las llaves del pueblo de manos del alcade. (Carlos Santana was decorated as a ""favorite son"" and was handed the keys to the village by the mayor.)",,,,,,,
la locura,"insanity, madness, craziness",,Los occidentales con quienes hablo piensan que todo esto es una locura. (The Westerners I speak with think all this is craziness.),,,,,,,
el cumplimiento,"execution (of a task), performance (of a task), fulfillment, observance",,"La CIA informó que uno de sus oficiales ""fue muerto en cumplimiento de sus deberes"". (The CIA reported that one of its officials ""died in performance of his duties.)",,,,,,,
la descarga,"the act or result of unloading, download, electrical shock, discharge",,La industria disquera clasifica las descargas sin pagar como piratería. (The recording industry regards the free downloads as piracy.),,,,,,,
endurecer,"to strengthen, to harden, to make more durable, to toughen",,La oposición venezolana dijo que estudia endurecer sus posturas mediante un llamado a la desobediencia civil. (The Venezuelan opposition said it is studying strengthening its position through a call for civil disobedience.),,,,,,,
valor,value,,,,,,,,,
información,information,,,,,,,,,
evidencia,evidence,,,,,,,,,
regresión,regression,,"Quisiera saber si existe algún paquete que permita calcula la valor de la
información (Information Value ) y el peso de la evidencia (Weight of
Evidence), para un modelo de regresión logística.Quisiera saber si existe algún paquete que permita calcula la valor de la
información (Information Value ) y el peso de la evidencia (Weight of
Evidence), para un modelo de regresión logística.Quisiera saber si existe algún paquete que permita calcula la valor de la
información (Information Value ) y el peso de la evidencia (Weight of
Evidence), para un modelo de regresión logística.Quisiera saber si existe algún paquete que permita calcula la valor de la
información (Information Value ) y el peso de la evidencia (Weight of
Evidence), para un modelo de regresión logística.Quisiera saber si existe algún paquete que permita calcula la valor de la
información (Information Value ) y el peso de la evidencia (Weight of
Evidence), para un modelo de regresión logística.",,,,,,,
subir,to bring up; to raise; to go up; to come up; to increase; to be promoted,,,,,,,,,
calcular,,,,,,,,,,
mundial,"world (as an adjective), worldwide (""el mundial"" usually refers to a world championship)",,"Cada 31 de mayo, la Organización Mundial de la Salud organiza el Día Mundial sin Tabaco. (Each May 31, the World Health Organization organizes the World No Tobacco Day.)",,,,,,,
instalación,installation,,,,,,,,,
agenda,agenda,,,,,,,,,
bobo,fool,,"Hay muchos bobos que nacen, pero son más los que se hacen. (There are many who are born fools, but there are more who make themselves that way.)",,,,,,,
acuerdo,agreement,,,,,,,,,
brazo,arm,,,,,,,,,
izquierda,left,,,,,,,,,
llamar,to call,,,,,,,,,
pues,well,,,,,,,,,
lujo,luxury,,,,,,,,,
cuesta,cost,,,,,,,,,
médico,doctorñ medic,,,,,,,,,
discutir,to discuss,,,,,,,,,
asunto,matter,,,,,,,,,
mofarse,"to scoff, to mock, to jeer, to make fun of",,"Lamentablemente, la Convención realizada recientemente por el Partido Republicano en Nueva York se mofó de las soluciones multilaterales. (Regrettably, the Republican Party Convention held recently in New York scoffed at multilateral solutions.)",,,,,,,
menoscabar,"to damage, to impair, to harm",,Los errores menoscabaron la calidad del espectáculo. (The errors diminished the quality of the show.),,,,,,,
lanzar,"to throw, to fling, to hurl, to drop (a bomb), to fire (a missile), to launch (an endeavor)",,"CNN en Español, la primera cadena televisiva de 24 horas de CNN producida en un idioma diferente del inglés, lanzó el 17 de marzo de 1997. (CNN en Español, the first 24-hour network by CNN produced in a non-English language, was launched on March 17, 1997.)",,,,,,,
pronosticar,"to predict, to forecast, to prognosticate",,,,,,,,,
zambullir,"to dip, to submerge, to plunge into",,"Cuando el agua le llegó al pecho, se zambulló de cabeza. (When the water reached chest height, he dipped his head in it.)",,,,,,,
el punto,"point (most meanings), dot, spot or place, state or condition, a touch",,"Un visitante me preguntó: ""Qué puntos de interés puedo visitar mientras esté en la ciudad? (A visitor asked me, ""What points of interest can I visit while I'm in the city?"") Dos puntos is a colon, while punto y coma is a semicolon.",,,,,,,
habitualmente,"usually, regularly, as a matter of course, habitually",,The vice president typically sits down at the president's side.,,,,,,,
ahí,,,,,,,,,,
el esquema,"diagram, chart, outline, plan, scheme",,Empresas Polar adoptó un nuevo esquema de organización. (Empresas Polar adopted a new organizational chart.),,,,,,,
blando,soft; delicate; indulgent; flabby; lenient; weak,,En Holanda se ha establecido una clara distinción entre las drogas blandas y duras. (In Holland they have established a clear distinction between soft drugs and hard drugs.),,,,,,,
la largura,length,,,,,,,,,
rotundo,"emphatic, definitive, categorical, expressive, forceful, total",,"Publicado en 1990, el homónimo álbum de debut de Carey fue un rotundo éxito. (Released in 1990, Carey's self-titled debut album was a resounding success.)",,,,,,,
dato,"fact, piece of information, datum",,Es importante que todos los datos sean correctos. (It is important that all the facts are correct.),,,,,,,
salida,,,,,,,,,,
cambio,,,,,,,,,,
eficiente,efficient,,,,,,,,,
peligroso,,,,,,,,,,
fuera,,,,,,,,,,
promedio,,,,,,,,,,
manejo,,,,,,,,,,
al,"to the (contraction of ""a el"")",,,,,,,,,
que,than,,,,,,,,,
de,from; of; used to indicate posession,,,,,,,,,
azul,blue,,,,,,,,,
mar,sea,,,,,,,,,
merito,merit,,,,,,,,,
muy,very,,,,,,,,,
comun,common,,,,,,,,,
siempre,always,,,,,,,,,
seras,will be,,,,,,,,,
blanca,white,,,,,,,,,
fui,was,,,,,,,,,
letrero,sign,,,,,,,,,
autopista,freeway,,,,,,,,,
caro,expensive,,caro/barato,,,,,,,
rapido,fast/quick,,,,,,,,,
cevirle,help,,En que puedes cevirle? (How can I help?),,,,,,,
perdido,lost,,Estoy perdido. (I'm lost.),,,,,,,
comprender,to understand,,Yo comprendo. (I understand.),,,,,,,
estar,to be (used to tell location and states of physical or mental health),,,,,,,,,
cien; ciento,one hundred; use 'cien' before a noun; use 'ciento' befor another number,,,,,,,,,
lindo,beautiful,,"mi choche is lindo (lindo/feo, beatiful/ugly)",,,,,,,
grande,large; big,,"""grande"" does not change gender (it's always pronounced as ""grande,"" and never ""granda"")",,,,,,,
tener que ~,have to ~; must do ~,,,,,,,,,
espanol,spanish,,,,,,,,,
la comida,food,,,,,,,,,
aquí,here,,,,,,,,,
no entiendo,I don't understand.,,,,,,,,,
cerveza,beer,,,,,,,,,
Salud!,Cheers!,,,,,,,,,
cuchillo,knife,,,,,,,,,
tenedor,fork,,,,,,,,,
cuchara,spoon,,,,,,,,,
palillo,chopsticks,,,,,,,,,
plato,plate,,,,,,,,,
vaso,glass; vase; urn,,,,,,,,,
taza,cup,,,,,,,,,
popote,straw,,,,,,,,,
"Bien, gracias","Good, thanks",,,,,,,,,
fumar,smoke,,,,,,,,,
?Todo bien?,,,,,,,,,,
restaurante,restaurant,,,,,,,,,
ir,to go,voy; vas; va; vamos; ; van,ir de compras (to go shopping),,,,,,,
quien,who,,,,,,,,,
esquina,corner,,,,,,,,,
mascara,mask,,,,,,,,,
paraguas,umbrella,,,,,,,,,
volver,to return,,,,,,,,,
ahi,,,,,,,,,,
alla,,,,,,,,,,
fresa,strawberry,,,,,,,,,
derecho,straight,,,,,,,,,
izquierda,left,,,,,,,,,
derecha,right,,,,,,,,,
la llave,key,,,,,,,,,
direccion,direction,,,,,,,,,
quiero,I want,,,,,,,,,
tomar,to take,,,,,,,,,
maleta,suitcase,,,,,,,,,
melon,melon,,,,,,,,,
pina,pineapple,,,,,,,,,
mapa,map,,,,,,,,,
ropa,clothes,,,,,,,,,
zapatos,shoes,,,,,,,,,
calcetines,socks,,,,,,,,,
minifalda,skirt,,,,,,,,,
mujer,woman; lady,,,,,,,,,
bermudas,,,,,,,,,,
sueter,sweater,,,,,,,,,
pantalones,pants,,,,,,,,,
talla,size,,,,,,,,,
chica/mediana/grande/extra grande,small/medium/large/extra large,,,,,,,,,
cepillo de dientes,toothbrush,,,,,,,,,
pasta de dientes,toothpaste,,,,,,,,,
champu,shampoo,,,,,,,,,
sombrero,hat,,,,,,,,,
cigarro,cigarette,,,,,,,,,
guia,,,,,,,,,,
para,,,,,,,,,,
platica,,,,,,,,,,
buscando,,,,,,,,,,
nombre,name,,,,,,,,,
dedo,,,,,,,,,,
pronuncie,,,,,,,,,,
disponible,available,,,,,,,,,
desayuno,,,,,,,,,,
incluído,,,,,,,,,,
poder,to be able,puedo; puedes; puede,,,,,,,,
verdado,true,,,,,,,,,
falso,false,,,,,,,,,
nunca,never,,Es ahora o nunca. (It is now or never.),,,,,,,
desde,since; from,,,,,,,,,
todos los dias,every day,,,,,,,,,
mas,more,,,,,,,,,
sentir,to feel,,,,,,,,,
sobre todo,above all,,,,,,,,,
sentimientos muy profundos,very deep feelings,,,,,,,,,
muchisimo,very much,,,,,,,,,
suenos,dreams,,,,,,,,,
novio/novia,boyfriend/girlfriend,,,,,,,,,
el uno al otro,to each other,,,,,,,,,
!Desde luego que si!,Of course I have!,,,,,,,,,
largas horas,a long time,,,,,,,,,
Al conocernos,When we meet,,,,,,,,,
amor a primera vista,love at first site,,,,,,,,,
muy enamorados,very much in love,,,,,,,,,
cuento de hadas,fairy tale,,,,,,,,,
un fuen fin,a happy ending,,,,,,,,,
ellos/ellas,they/them,,,,,,,,,
nosotros,we/us,,,,,,,,,
persona,person,,,,,,,,,
suerte,,,,,,,,,,
pensar,to think; consider,,,,,,,,,
ir; voy; vamos,to go,,,,,,,,,
estudiar,study,,,,,,,,,
colegio,college,,,,,,,,,
el beso,kiss,,,,,,,,,
el abrazo,hug,,,,,,,,,
?En que fecha?,What day/date?,,,,,,,,,
?En que año?,In what year?,,,,,,,,,
semana,week,,,,,,,,,
estacion,station,,,,,,,,,
buenas dias,good day,,,,,,,,,
buenas noches,good evening/night,,,,,,,,,
buenas tardes,good afternoon,,,,,,,,,
mas o menos,more or less,,,,,,,,,
perdon,pardon; excuse me,,,,,,,,,
adios,goodbye,,,,,,,,,
hasta luego,see you later,,,,,,,,,
nuevo,new,,,,,,,,,
hasta manana,until tomorrow,,,,,,,,,
tengo ___ anos,I am ___ years old.,,,,,,,,,
vivo en ___,I live in ___.,,,,,,,,,
sure korea,South Korea,,,,,,,,,
norte korea,North Korea,,,,,,,,,
taxista,taxi driver,,,,,,,,,
?Donde vive usted?,Where do you live?,,,,,,,,,
deportes,sports,,,,,,,,,
beisbol,baseball,,,,,,,,,
futbol,football,,,,,,,,,
tenis,tennis,,,,,,,,,
nadar,to swim,,Encuentran el cadáver del joven que desapareció mientras nadaba en el Río Miño. (They found the body of the youth who disappeared while swimming in the Miño River.),,,,,,,
bailar,to dance,,,,,,,,,
viajar,to travel,,,,,,,,,
musica,music,,,,,,,,,
leer,to read,,leer libros (to read books),,,,,,,
?Que le gusta?,What do you like?,,,,,,,,,
?Tiene novio?,Do you have a boyfriend?,,,,,,,,,
estes,you,,,,,,,,,
haz,Do (command),,,,,,,,,
decir,to say,digo; dices; dice; decimos; ; dicen,,,,,,,,
No me acuerdo.,I don't remember.,,,,,,,,,
me acuerdo de ellos,I remember them.,,,,,,,,,
poner,,,,,,,,,,
este/ese,this/that,,,,,,,,,
ahora,now,,,,,,,,,
tiempo,time,,,,,,,,,
saber,to know,,"El que lee mucho y anda mucho, ve mucho y sabe mucho. (The one who reads a lot and walks a lot will see a lot and know a lot.)",,,,,,,
naturalmente,of course; naturally,,,,,,,,,
pueblo,town,,,,,,,,,
considera,consider,,,,,,,,,
?donde esta?,Where is it?,,,,,,,,,
alberca,pool,,,,,,,,,
gafas del sol,sunglasses,,,,,,,,,
conviene que,it is advisable that,,,,,,,,,
sin,without,,,,,,,,,
playa,beach,,,,,,,,,
isla,island,,,,,,,,,
mayor,,,,,,,,,,
hermosa,beautiful,,,,,,,,,
mar,sea,,,,,,,,,
al,to the,,,,,,,,,
despues de,after,,,,,,,,,
antes de,before,,,,,,,,,
comun,common,,,,,,,,,
siempre,always,,,,,,,,,
situada,situated; located,,,,,,,,,
afueras,peripheral; outskirts,,,,,,,,,
?Que hora es?,What time is it?,,,,,,,,,
cuarto,quarter,,,,,,,,,
media,half,,,,,,,,,
cada cual,everybody; each of us,,,,,,,,,
parece,,,,,,,,,,
a la manera,to his/her liking,,,,,,,,,
en lo mas minimo,in the least,,,,,,,,,
que se fastidie,too bad/who cares,,,,,,,,,
hubo un tiempo,there was a time,,,,,,,,,
cuanto,how much/many,,,,,,,,,
cuadra,street block,,,,,,,,,
?Cuanto dinero tienes?,How much money do you have?,,,,,,,,,
hasta el punto de que,to the point that,,,,,,,,,
a la ligera,casually,,,,,,,,,
intentan justificar,try to justify,,,,,,,,,
sin proposito,without any other purpose,,,,,,,,,
con todas las verguenzas al aire,with all the private parts exposed,,,,,,,,,
igual,still,,,,,,,,,
aferrada a,holding tight to,,,,,,,,,
dos trapitos,with simple clothes,,,,,,,,,
que aun hay,that there is still,,,,,,,,,
En quanto a,As far as/Regarding,,,,,,,,,
se les ve,they can be seen,,,,,,,,,
De lo contrario,Otherwise,,,,,,,,,
excepciones,exceptions,,,,,,,,,
mi tierra,,,,,,,,,,
contigo,with you,,,,,,,,,
la soledad,,,,,,,,,,
cancion,,,,,,,,,,
descubre,,,,,,,,,,
palabra,word,,,,,,,,,
tiznar,to blacken (literally or figuratively),,"Si los recipientes de cocina se tiznan por el humo de la llama, la combustión no está siendo buena. (If the kitchen containers become black from the smoke of the flame, the combustion isn't good.)",,,,,,,
entrada,entry,,,,,,,,,
haber,"to have (helping verb only!) I have eaten; I have walked, etc.",,Es mejor haber amado y perdido que no haber amado nunca. (Tis better to have loved and lost than never to have loved at all.),,,,,,,
llorar,,,El que no llora no mama. (The one who doesn't cry doesn't suck.),,,,,,,
hacer,to do; to make,hago; haces; hace; hacemos; ; hacen,Investigación científica básica es lo que hago cuando no sé lo que hago. (Research is what I'm doing when I don't know what I'm doing.),,,,,,,
dichos,,,,,,,,,,
refranes,,,,,,,,,,
luna,moon,,"Todo hombre es la luna: con una cara oscura que a nadie enseña. (Everyone is a moon, and has a dark side which he never shows to anybody.)",,,,,,,
cara,side,,,,,,,,,
oscura,dark; obscure,,,,,,,,,
alcista,trending upward (used most often when speaking of economics),,Las bolsas de Nueva York cerraron hoy con una fuerte tendencia alcista. (The New York financial markets closed today on a strong upward trend.),,,,,,,
traduccion,translation,,,,,,,,,
ejemplo,example,,,,,,,,,
significado,meaning,,,,,,,,,
poco,little,,"Quien mucho abarca, poco aprieta. (He who puts his arms around much squeezes little.) (Interpretation: Jack of all trades, master of none. The person who tries to do too much isn't able to do any one thing well.)",,,,,,,
fruncir,to frown; purse the lips,,Antonio frunció al leer su nombre. (Antonio frowned upon (the) reading his name.),,,,,,,
ayudar,to help; to assist,,"A quien madruga, Dios le ayuda. (The one who gets up early, God helps him.) (Interpretation: The early bird gets the worm. God helps those who help themselves.)",,,,,,,
boca,mouth,,En boca cerrada no entran moscas. (Flies don't enter a closed mouth.) (Interpretation: Sometimes it's better to keep your mouth shut.),,,,,,,
entreabrir,"to open halfway, to leave ajar",,No deje los cajones de su escritorio entreabiertos. (Don't leave the drawers of your desk half open.),,,,,,,
telefonear,"to phone, to telephone, to call someone on the telephone",,"El presidente, Jorge Bush, me telefoneó para pedirme que aceptara la asignación. (The president, George Bush, phoned me to ask me to accept the assignment.)",,,,,,,
objetar,"to object to, to raise objections to, to be a conscientious objector",,"Por el contrario objetaron su estilo impulsivo de comunicación. (On the contrary, they objected to his impulsive communication style.)",,,,,,,
ahumar,"to make smoke, to fill with smoke, to smoke meat or other food",,El salmón se salaba y luego se ahumaba fuertemente para poder conservarlo durante los meses cálidos. (The salmon was cured with salt and later strongly smoked in order to preserve it during the hot months.),,,,,,,
la orilla,"shore, bank (of a river), edge",,La otra orilla siempre es más bella. (The other shore is always more beautiful.) (Interpretation: The grass is greener on the other side of the fence.),,,,,,,
otro,other,,,,,,,,,
chico/pequeno/grande (grande is a rare spanish word that is gender neutral (masculine and feminine)),little/big,,"Hijos chicos, chicos dolores; hijos mayores, grandes dolores. (Little children, little pain; big children, big pain.)",,,,,,,
corregir,to correct,,La otoplastia es una cirugia destinada a corregir las deformidades de las orejas. (Otoplasty is a surgery aimed at correcting deformities of the ears.),,,,,,,
manzana,apple,,,,,,,,,
nino,boy,,,,,,,,,
pronto,soon,,,,,,,,,
Que tal?,How's it going?,,,,,,,,,
Chao!,Bye!,,,,,,,,,
Mucho gusto!,A pleasure!,,,,,,,,,
Bienvenida!,Welcome!,,,,,,,,,
bustar,to be enough; to suffice,,"A buen entendedor, pocas palabras bastan. (To the one who is good at understanding, a few words are enough.)",,,,,,,
la gravedad,"gravity (meaning either ""seriousness"" or a physical force)",,La sonda espacial Cassini utilizó la gravedad de Júpiter para impulsarse hacia Saturno. (The space probe Cassini used Jupiter's gravity to impel itself toward Saturn.),,,,,,,
hombre,man,,"Si el hombre no ha descubierto nada por lo que morir, no es digno de vivir. (If man has not discovered something to die for, he is not worthy of living.)",,,,,,,
disculpe,excuse me,,"Disculpe, lo siento. (Excuse me, I'm sorry.)",,,,,,,
la carta,letter,,,,,,,,,
escribir,to write,,,,,,,,,
el diario,newspaper,,,,,,,,,
cociner,to cook; to bake,,,,,,,,,
jugo,juice,,,,,,,,,
naranja,orange,,,,,,,,,
almuerzo,lunch,,,,,,,,,
la papa,potato,,,,,,,,,
la cena,dinner,,,,,,,,,
emparedado,sandwhich,,,,,,,,,
el desayuno,breakfast,,,,,,,,,
sal,salt,,,,,,,,,
la cebolla,onion,,,,,,,,,
el azucar,sugar,,,,,,,,,
te,tea,,,,,,,,,
vegetales,vegetables,,,,,,,,,
el gato,cat; amateur: servants,,,,,,,,,
el caballo,horse,,,,,,,,,
vivir,to live,,"Hay que comer para vivir, no vivir para comer. (It is necessary to eat in order to live, not to live in order to eat.)",,,,,,,
el mueble,piece of furniture,,Muebles Ebano es una empresa dedicada desde 1953 a la fabricación y distribución de muebles de alta calidad. (Muebles Ebano is a business dedicated since 1953 to the manufacture and distribution of high-quality furniture.),,,,,,,
empresa,business; company,,,,,,,,,
calidad,quality,,,,,,,,,
el pato,duck,,,,,,,,,
el pájaro,bird,,,,,,,,,
el pinguino,penguin,,,,,,,,,
la araña,spider,,,,,,,,,
el cangrejo,crab; crayfish,,,,,,,,,
el oso,bear,,,,,,,,,
él,he; him,,,,,,,,,
el ratón,mouse; lowly; miserable,,,,,,,,,
el conejo,rabbit,,,,,,,,,
el toro,bull,,,,,,,,,
el cerdo,pork; pig; hog,,,,,,,,,
el mono,monkey; pretty,,,,,,,,,
el león,lion,,,,,,,,,
vida,life,,,,,,,,,
padres,parents,,,,,,,,,
perro,dog; rotten; lousy,,,,,,,,,
socios,associates; partners; members,,,,,,,,,
la camisa,shirt,,,,,,,,,
el abrigo,coat,,,,,,,,,
la ropa,clothing,,,,,,,,,
el vestido,dress,,,,,,,,,
la corbata,tie,,,,,,,,,
cinturón,belt,,,,,,,,,
el traje,suit,,,,,,,,,
aún,even,,"Aun si supiera que mañana el mundo se habría de desintegrar, igual plantaría mi manzano. (Martín Luther) (Even if I knew that tomorrow the world would go to pieces, I would still plant my apple tree.)",,,,,,,
coger,"to grab, to take hold of, to capture, to take, to pick up, to gather, to hold on
to grab, to take hold of, to capture, to take, to pick up, to gather, to hold on
",,Cojamos un avión y visitemos los Países Bajos. (Let's take a plane and visit the Netherlands.),,,,,,,
cuál,which; which one,,,,,,,,,
cómo,how; pardon,,,,,,,,,
quién,who,,,,,,,,,
cuánto,how much,,,,,,,,,
cuándo,when,,,,,,,,,
ver,to see; to watch; to imagine,,,,,,,,,
guerra,war,,Buena es la guerra para el que no va a ella. (War is good for the person who doesn't go to it.),,,,,,,
el gorro; la gorra,cap (worn on the head),,"Los estudiantes visten una gorra y una toga especiales, y se les otorga un diploma. (The students wear a special cap and gown and are presented a diploma.)",,,,,,,
aviso,,,,,,,,,,
hallarse,"to find oneself, to be (in a situation)",,La responsabilidad educativa se halla en gran parte descentralizada. (Educational responsibility finds itself to a great degree decentralized.),,,,,,,
hallar,to find; to find out,,,,,,,,,
la milla,mile,,Ningún lugar de Gran Bretaña se encuentra a más de 75 millas del mar. (No place in Great Britain is more than 75 miles from the sea.),,,,,,,
ojos,eyes,,Más ven cuatro ojos que dos. (Four eyes see more than two.),,,,,,,
razón,,,"Cuando todo el mundo se equivoca, todo el mundo tiene razón. (When everybody is wrong, everybody is right.)",,,,,,,
tener,to have,,,,,,,,,
correr,to run,,,,,,,,,
querer,to want,quiero; quieres; quiere; queremos; queréis; quieren,,quise; quisiste; quiso; quisimos; quisisteis; quisieron,quiera; quieras; quiera; queramas; queráis; quieran,,,,,
tocar,to touch; to feel; to play,,,,,,,,,
porque,because; for,,"Dichosos los pacificadores, porque serán llamados los hijos de Dios. (Happy are the peacemakers, for they will be called the children of God.)",,,,,,,
sino,but; if not; rather,,,,,,,,,
aunque,even if; although,,Yo no puedo aunque yo quiero. (I can't even though I want to.),,,,,,,
como,as; like,,,,,,,,,
mientras,while; as long as; during,,,,,,,,,
sobre,over; on top of; on; above; about,,,,,,,,,
para,for; by; to,,,,,,,,,
entre,among; between; come in,,,,,,,,,
para qué,what … for; why,,,,,,,,,
e; y,and,,,,,,,,,
contra,against; snag; antidote,,,,,,,,,
al,to the; on the; at,,,,,,,,,
hacia,toward(s); to,,,,,,,,,
a,a; to; by,,,,,,,,,
el cine,cinema; movie theater,,,,,,,,,
calle,street,,,,,,,,,
durante,during,,,,,,,,,
bebés,babies,,,,,,,,,
primos,cousins,,,,,,,,,
mamá,mom,,,,,,,,,
papá,dad,,,,,,,,,
hace,since,,,,,,,,,
meses,months,,,,,,,,,
oir,to hear; to listen,,,,,,,,,
bolígrafo; pluma,pen,,,,,,,,,
abogados,lawyers; attorneys; solicitors,,,,,,,,,
cerca,near; nearby,,,,,,,,,
según,according to; it depends; as,,,,,,,,,
bajo,under; short; descend; get off,,,,,,,,,
acerca de,about,,,,,,,,,
comenzar,to begin,,,,,,,,,
próximo/a,next; near,,,,,,,,,
partido,game; match,,,,,,,,,
momento,moment; time; period,,,,,,,,,
tarde,late; afternoon; evening,,,,,,,,,
a veces/veces,sometimes/times; once,,,,,,,,,
la temporada,season,,,,,,,,,
la primavera,spring,,,,,,,,,
el verano,summer,,,,,,,,,
hasta,until; even; as much as,,,,,,,,,
período,period,,,,,,,,,
estación,season; station,,,,,,,,,
el invierno,winter,,,,,,,,,
un rato/rato,for awhile; awhile/while,,por un rato (for awhile),,,,,,,
segundos,seconds,,,,,,,,,
cita,appointment,,,,,,,,,
mediodía,noon; midday; lunchtime,,,,,,,,,
la madrugada,dawn; daybreak,,,,,,,,,
cumpleaños,birthday,,,,,,,,,
mañana,morning; tomorrow; future,,,,,,,,,
fecha,date,,,,,,,,,
anoche,last night,,,,,,,,,
pequeño,small; little,,,,,,,,,
alta,tall; discharge; membership,,,,,,,,,
grandes,big; large,,,,,,,,,
de,of; from; by,,,,,,,,,
largo,long,,,,,,,,,
gran,big; great; large,,,,,,,,,
baja,short; descend; lower,,,,,,,,,
corto,short,,,,,,,,,
enorme,enormous; huge; vast,,,,,,,,,
cuchara,spoon; bucket,,,,,,,,,
vaso,glass; cup,,,,,,,,,
la cama,bed,,,,,,,,,
la ventana,window,,,,,,,,,
la cuna,crib,,,,,,,,,
el teléfono,telephone,,,,,,,,,
la televisión,television,,,,,,,,,
la esponja,sponge,,,,,,,,,
cocina,kitchen,,,,,,,,,
a tráves de,through,,,,,,,,,
rey,king,,,,,,,,,
maestro,master; teacher,,,,,,,,,
jefe,boss,,"Como quiere que sea, el jefe tenía razón. (One way or another, the boss was right.)",,,,,,,
reina,queen,,,,,,,,,
lengua,language,,La pluma es la lengua del alma. (The pen is the language of the soul.),,,,,,,
abaratar,"to reduce the price of, to reduce the value of, to cheapen",,"El Banco Central Europeo abarató cuatro veces los tipos de interés hasta el 3,25 actual. (The Central European Bank reduced the interest rates four times to the current 3.25 percent.)",,,,,,,
cada,every; all,,"A casa de tu tía, mas no cada día. (To the house of your aunt, but not each day.)",,,,,,,
también,also; as well,,También tiene que tener los cubos de hielo y un abrebotellas. (You also have to have the ice cubes and a bottle opener.),,,,,,,
el remolque,"trailer, the act or practice of towing, the act of being towed or dragged behind",,"Los 60.000 Kg. de artículos de necesidad, una carga equivalente a seis camiones con remolque llenos, llegaron al a más de 20.000 personas de la Península de Yucatán. (The 60,000 kg of necessities, a load equivalent to six full tractor-trailer rigs, arrived for more than 20,000 residents of the Yucatan Peninsula.)",,,,,,,
morir,to die,,,,,,,,,
soldado,soldier,,,,,,,,,
el juez,judge; referee,,,,,,,,,
empresario,entrepreneur,,,,,,,,,
mismo,same; identical; equal to,,Hay la misma diferencia entre un sabio y un ignorante que entre un hombre vivo y un cadáver. (The difference between a learned man and an ignorant one is the same as that between a living man and a corpse.),,,,,,,
espacio,space,,El tiempo no es sino el espacio entre nuestros recuerdos. (Time is just the space between our memories.),,,,,,,
recuerdo,memory,,,,,,,,,
la unidad,"unit, unity",,La Unidad de Servicios a las Víctimas provee servicios a víctimas de habla hispana en su propia lengua. (The Crime Victims Unit provides services to Spanish-speaking victims in their own language.),,,,,,,
propio,"own (""my own dog"")",,,,,,,,,
periodista,journalist; reporter,,,,,,,,,
capitán,,,,,,,,,,
el espejo,mirror,,,,,,,,,
el escritorio,the desk,,,,,,,,,
sartén,pan,,,,,,,,,
la puerta,door,,,,,,,,,
el sofá,sofa,,,,,,,,,
la lámpara,lamp,,,,,,,,,
comandante,,,,,,,,,,
agente,agent,,,,,,,,,
especialidad,specialty,,,,,,,,,
el dueño,owner; landlord; proprietor,,,,,,,,,
el pintor,painter,,,,,,,,,
especialistas,specialists; experts,,,,,,,,,
la granjera,farmer,,,,,,,,,
ingenieros,engineers,,,,,,,,,
la carpintera,carpinter,,,,,,,,,
sacerdote,priest,,,,,,,,,
trabajo,work; job,,,,,,,,,
la profesión,profession,,,,,,,,,
panader,baker,,,,,,,,,
atleta,athlete,,,,,,,,,
conductor,driver,,,,,,,,,
cajero,cashier,,,,,,,,,
mesero,waiter,,,,,,,,,
cocinero,cook; chef,,,,,,,,,
el piso,the floor,,,,,,,,,
la pared,wall; side; face,,,,,,,,,
el techo,ceiling; roof,,,,,,,,,
el sótano,basement,,,,,,,,,
el horno,the oven,,,,,,,,,
la escalera,ladder; stairs; staircase,,,,,,,,,
dormitorio,bedroom,,,,,,,,,
limpiar,to clean,,,,,,,,,
refrigerador,refrigerator,,,,,,,,,
el cepillo,brush,,,,,,,,,
la lavadora,washing machine,,,,,,,,,
la habitación,room,,,,,,,,,
el baño,bathroom,,,,,,,,,
la secadora,dryer; hair dryer,,,,,,,,,
el paraguas,umbrella,,,,,,,,,
la sábana,sheet; note; paper,,,,,,,,,
jabón,soap,,,,,,,,,
la cartera,wallet; purse,,,,,,,,,
rasuradora,razor; shaver,,,,,,,,,
fruto,fruit,,"El fruto del silencio es la oración.
El fruto de la oración es la fe.
El fruto de la fe es el amor.
El fruto del amor es el servicio.
El fruto del servicio es la paz.
(The fruit of silence is prayer.
The fruit of prayer is faith.
The fruit of faith is love.
The fruit of love is service.
The fruit of service is peace.)",,,,,,,
abrillantar,"to polish, to make shiny",,Generalmente los abrillanto con limpiacristales y una bayeta. (Usually I polish them with glass cleaner and a soft cloth.),,,,,,,
generalmente,generally,,,,,,,,,
el yo,"the self, the ego",,Nuestro programa básico es el fortalecimiento del yo interior. (Our basic program is the strengthening of the inner self.),,,,,,,
sábana,bedsheet; sheet,,,,,,,,,
viejo,old,,,,,,,,,
joven,young,,,,,,,,,
bilingüe,bilingual,,,,,,,,,
historia,story,,,,,,,,,
ciego,blind,,,,,,,,,
fea,ugly,,,,,,,,,
menor,younger,,,,,,,,,
mayer,older,,,,,,,,,
primero,first,,,,,,,,,
mejor,best; more; better,,,,,,,,,
útil,useful,,,,,,,,,
cierto,true,,,,,,,,,
falso,false,,,,,,,,,
posible,possible,,,,,,,,,
hoy,today,,,,,,,,,
día,day,,,,,,,,,
real,real,,,,,,,,,
solo,alone,,,,,,,,,
dura,hard; last,,,,,,,,,
único,only; unique,,,,,,,,,
distinta,different; distinct; several,,,,,,,,,
principal,main; principal; capital,,,,,,,,,
seguro,safe; secure; stable,,,,,,,,,
capaz,capable; able,,,,,,,,,
simple,simple,,,,,,,,,
suficiente,sufficient; enough,,,,,,,,,
siguiente,next; following,,,,,,,,,
peor,worse; poorer,,,,,,,,,
familiar,familiar; family,,,,,,,,,
tanto,so much; as much as,,,,,,,,,
pobre,poor,,,,,,,,,
clara,clear; light; pale,,,,,,,,,
el informe,"report, statement, information",,No ha leído el informe de congreso. (He has not read the congressional report.),,,,,,,
soga,noose,,No hables de la soga en casa del ahorcado. (Don't talk about the noose in the house of the hanged man.),,,,,,,
el abecedario,"alphabet, book used to teach the alphabet or spelling, alphabetized list",,"El abecedario de la fe:
Alaba a Dios en cada circunstancia de la vida.
Busca la excelencia, no la perfección.
Cuenta tus bendiciones.
The ABCs of faith:
Always praise God regardless of life's circumstances.
Be in pursuit of excellence, not perfection.
Count your blessings.El abecedario de la fe:
Alaba a Dios en cada circunstancia de la vida.
Busca la excelencia, no la perfección.
Cuenta tus bendiciones.
The ABCs of faith:
Always praise God regardless of life's circumstances.
Be in pursuit of excellence, not perfection.
Count your blessings.",,,,,,,
la noche,night,,La ignorancia es la noche de la mente: pero una noche sin luna y sin estrellas. (Ignorance is the night of the mind: a night with neither moon nor stars. ),,,,,,,
la asquerosidad,"filth or something filthy, something disgusting, something repulsive, obscenity",,"No podía evitar mirarla, a pesar de su abyecta asquerosidad. (I could not quit looking at it, despite its abject repulsiveness.)",,,,,,,
plano,flat; map; plane,,,,,,,,,
justo,just; fair; right,,,,,,,,,
recientes,recent,,,,,,,,,
pasada,last; past,,,,,,,,,
barato,cheap; commercial,,,,,,,,,
rápido,fast; quick,,,,,,,,,
caro,expensive; face; side,,caro/barato (expensive/inexpensive),,,,,,,
juntos,together; at the same time; both,,,,,,,,,
conocer,to know,,,,,,,,,
llevar,to take; to wear,,,,,,,,,
seguir,to follow; to continue,,,,,,,,,
quedar,to remain; to stay,,,,,,,,,
perder,to lose,,,,,,,,,
presentar,to present,,,,,,,,,
paso,,,,,,,,,,
sencillo,,,,,,,,,,
frasco,,,,,,,,,,
pastilla,,,,,,,,,,
seccíon,section,,,,,,,,,
temporada,,,,,,,,,,
críticas,critics,,,,,,,,,
sueño,dream,,,,,,,,,
sala,,,,,,,,,,
cónsul,,,,,,,,,,
autoridades,,,,,,,,,,
cartar,,,,,,,,,,
caer,,,,,,,,,,
traer,to bring,,,,,,,,,
variedad,variety,,,,,,,,,
más,more,,,,,,,,,
el gancho,"hook (literal or figurative), something shaped like a hook (such as a hairpin), something that acts as a lure",,El tipo de gancho que debemos usar estará dado por las características del emplazamiento donde pescamos y por las dimensiones y naturaleza del pez. (The type of hook we should use will be determined by the characteristics of the place where we are fishing and by the size and nature of the fish.),,,,,,,
levantar,,,,,,,,,,
volar,,,,,,,,,,
constante,constant,,,,,,,,,
luch,,,,,,,,,,
culminar,to culminate,,,,,,,,,
piel,skin?,,,,,,,,,
cargar,,,,,,,,,,
participar,to partcipate,,,,,,,,,
representar,to represent,,,,,,,,,
asistir,to assist; to help; to attend,,asisto,,,,,,,
cual,,,No te cases con alguien con quien puedas vivir  cásate con la persona sin la cual no puedas vivir. (Don't marry the person you think you can live with; marry only the individual you think you can't live without.),,,,,,,
impedir,"to impede, to obstruct, to prevent",,"Karina nació sin brazos, pero no le impide escribir y dibujar. (Karina was born without arms, but this doesn't keep her from writing and drawing.)",,,,,,,
poder,power; strong,,"El poder tiende a corromper, el poder absoluto corrompe absolutamente. (Power tends to corrupt, and absolute power corrupts absolutely.)",,,,,,,
tender,to tend to,,,,,,,,,
desplomar,"to disclocate, to cause not to be straight, to cause to lean, to knock over",,Todo vestigio de orden se ha desplomado junto con los edificios. (Every vestige of order has been toppled along with the buildings.),,,,,,,
desear,to desire; to want,,,,,,,,,
algo,something; anything; a little,,"algo; algos; Si algo puede salir mal, saldrá mal. (If something can go wrong it will go wrong.)",,,,,,,
la mente,mind,,"El amor mira no con los ojos, sino con la mente. (Love looks not with the eyes, but with the mind.)",,,,,,,
perdonar,forgive; pardon,,Los débiles no pueden perdonar. El perdón es un atributo de los poderosos. (The weak can never forgive. Forgiveness is the attribute of the strong.),,,,,,,
reprochar,"to reproach, to criticize",,El presidente ha reprochado a los manifestantes por su falta de compromiso contra la violencia. (The president has criticized the protesters for their lack of commitment against violence.),,,,,,,
otra vez,again; another time,,,,,,,,,
probar,to test; to taste,,,,,,,,,
tratar,to handle; to treat,,,,,,,,,
intentar,to attempt,,,,,,,,,
mostrar,to show; to display,,,,,,,,,
pesar,to weigh,,,,,,,,,
tal ves,perhaps,,,,,,,,,
haber,'haber' is a helping (auxiliary) verb,he; has; ha; hemos; habéis; han,,,,,,,,
punto,point (decimal point),,,,,,,,,
coma,comma,,,,,,,,,
hasta pronto!,Until soon!/See you soon!,,,,,,,,,
!Ni modo!,,,No way!,,,,,,,
oler,to smell,,,,,,,,,
equivocado,,,,,,,,,,
importante,important,,,,,,,,,
animal,animal,,,,,,,,,
invitacion,invitation,,,,,,,,,
ser,to be,soy; eres; es; somos; ; son,,,,,,,,
por que,why,,,,,,,,,
centro,downtown,,,,,,,,,
lograr,to reach; to be able to; to manage to,logro; logras; logra; logramos; lográis; logran,,logré; lograste; logró; logramos; lograsteis; lograron,,,,,,
cenar,to have dinner,,voy a cenar,,,,,,,
pagar,to pay,,,,,,,,,
explicar,to explain,explico; explicas; explica; explicamos; explicáis; explican,,expliqué; explicaste; explicó; explicamos; explicasteis; explicaron,explicaría; explicarías; explicaría; explicaríamos; explicaríais; explicarían,,,,,
deber,,,,,,,,,,
amable,friendly; amicable,,Nuestro perro es muy amable. (Our dog is very friendly.),,,,,,,
comoda (accent on first o),comfortable,,,,,,,,,
alla (accent on second a),over there,,,,,,,,,
estricto,strict,,,,,,,,,
bondadoso,gentle; tender,,,,,,,,,
elegante,elegant,,,,,,,,,
tacaño/a,stingy; miserly,,,,,,,,,
generoso/a,generous,,,,,,,,,
cobarde,cowardly,,,,,,,,,
grosero/a,vulgar,,,,,,,,,
hay,"there is, there are",,,,,,,,,
escuchar,to listen,,escuchar música,,,,,,,
varonil,manly; masculine,,,,,,,,,
simpático,nice,,,,,,,,,
inteligente,clever; intelligent,,,,,,,,,
valiente,brave,,,,,,,,,
pasivo/a,passive,,,,,,,,,
femenina,feminine,,,,,,,,,
reservado,reserved (personality),,,,,,,,,
carácter,personality; character,,,,,,,,,
diligente,active,,,,,,,,,
alegre,cheerful,,,,,,,,,
la fotografía,photography,,,,,,,,,
pasear,,,pasear en coche (to go driving),,,,,,,
economía,economics,,,,,,,,,
la jardinería,gardening,,,,,,,,,
sombra,shadow,,,,,,,,,
fin de semana,weekend,,,,,,,,,
levantarse,to wake up,,,,,,,,,
el otoño,fall,,,,,,,,,
acostarse,to go to bed,,,,,,,,,
la cuenta,the check; account,,,,,,,,,
toalla,towel,,,,,,,,,
funcionar,to function; to work,,No funciona. (It doesn't work.),,,,,,,
la ducha,shower,,,,,,,,,
la cadena del servicio,toilet,,,,,,,,,
cada día,each day; every day,,,,,,,,,
un descanso,a break/rest,,,,,,,,,
clientes,clients,,,,,,,,,
banco,bank,,,,,,,,,
válida,valid,,,,,,,,,
hay,"there is, there are",,,,,,,,,
cajero automatico,ATM,,,,,,,,,
impuesto,tax,,,,,,,,,
deuda,debt,,,,,,,,,
transacción,transaction,,,,,,,,,
debito,"debit (e.g., card)",,,,,,,,,
ventas,sales (action),,,,,,,,,
invertir,to invest,,,,,,,,,
ingreso,income,,,,,,,,,